Normalized_Title,Game_Title,Rating,Plays,Playing,Wishlist,Global_Sales,Engagement_Sales_Anomaly
advance wars,Advance Wars,3.7,1900.0,52.0,266.0,0.7,Normal
alan wake,Alan Wake,3.6,6200.0,96.0,741.0,1.4200000000000002,Normal
alice madness returns,Alice: Madness Returns,3.5,2800.0,113.0,636.0,1.22,Normal
alpha protocol,Alpha Protocol,3.3,987.0,9.0,182.0,0.87,Normal
animal crossing,Animal Crossing,3.9,3900.0,51.0,317.0,3.15,Normal
animal crossing city folk,Animal Crossing: City Folk,3.4,3100.0,17.0,129.0,4.68,Normal
animal crossing new leaf,Animal Crossing: New Leaf,4.0,9900.0,156.0,383.0,9.09,Normal
ape escape 3,Ape Escape 3,4.3,874.0,24.0,231.0,0.13,Normal
armored core,Armored Core,3.4,522.0,38.0,216.0,0.41,Normal
armored core 2,Armored Core 2,3.6,278.0,18.0,119.0,0.79,Normal
armored core 3,Armored Core 3,3.7,297.0,19.0,142.0,0.67,Normal
armored core 4,Armored Core 4,3.7,252.0,15.0,162.0,0.45,Normal
back to the future the game,Back to the Future: The Game,3.2,763.0,5.0,67.0,0.37,Normal
batman arkham asylum,Batman: Arkham Asylum,3.9,17000.0,232.0,672.0,8.07,Normal
batman arkham city,Batman: Arkham City,4.1,16000.0,192.0,651.0,11.2,Normal
batman arkham knight,Batman: Arkham Knight,3.7000000000000006,13000.0,279.0,757.0,5.37,Normal
batman arkham origins,Batman: Arkham Origins,3.4,7800.0,125.0,632.0,4.97,Normal
battlefield 4,Battlefield 4,3.5,7100.0,72.0,124.0,14.03,Normal
battlefield bad company 2,Battlefield: Bad Company 2,3.6,4200.0,23.0,119.0,7.16,Normal
bayonetta,Bayonetta,3.9,13000.0,614.0,2300.0,2.17,Normal
bayonetta 2,Bayonetta 2,4.1,6000.0,154.0,2000.0,1.01,Normal
beyond good evil,Beyond Good & Evil,3.9,2300.0,35.0,629.0,0.5,Normal
beyond two souls,Beyond: Two Souls,2.7,5400.0,52.0,524.0,1.79,Normal
billy hatcher and the giant egg,Billy Hatcher and the Giant Egg,3.1,797.0,12.0,212.0,0.25,Normal
binary domain,Binary Domain,3.5,1100.0,9.0,192.0,0.52,Normal
bioshock,BioShock,4.0,17000.0,339.0,1200.0,4.69,Normal
bioshock 2,BioShock 2,3.6,9100.0,103.0,691.0,4.0,Normal
bioshock infinite,BioShock Infinite,3.5,18000.0,197.0,949.0,4.39,Normal
black,Black,3.4,2100.0,19.0,196.0,1.67,Normal
bloodborne,Bloodborne,4.5,17000.0,1100.0,3300.0,2.38,Normal
borderlands,Borderlands,3.1,9100.0,98.0,450.0,5.7299999999999995,Normal
borderlands 2,Borderlands 2,3.5,16000.0,344.0,494.0,7.109999999999999,Normal
braid,Braid,3.4,3500.0,26.0,385.0,0.03,Normal
brothers a tale of two sons,Brothers: A Tale of Two Sons,3.5,4000.0,28.0,334.0,0.17,Normal
bulletstorm,Bulletstorm,3.2,2300.0,6.0,125.0,1.71,Normal
bully,Bully,3.9,6700.0,80.0,768.0,0.94,Normal
bully scholarship edition,Bully: Scholarship Edition,4.0,3900.0,92.0,457.0,1.62,Normal
call of duty 3,Call of Duty 3,2.8,2900.0,8.0,122.0,7.56,Normal
call of duty advanced warfare,Call of Duty: Advanced Warfare,2.5,5200.0,13.0,151.0,21.9,Normal
call of duty black ops,Call of Duty: Black Ops,3.7,14000.0,44.0,318.0,31.03,Normal
call of duty black ops ii,Call of Duty: Black Ops II,3.8,13000.0,57.0,286.0,29.72,Normal
call of duty ghosts,Call of Duty: Ghosts,2.4,6500.0,9.0,150.0,27.38,Normal
call of duty modern warfare 2,Call of Duty: Modern Warfare 2,3.8,14000.0,34.0,276.0,25.09,Normal
call of duty modern warfare 3,Call of Duty: Modern Warfare 3,3.2,10000.0,27.0,195.0,30.830000000000002,Normal
castlevania,Castlevania,3.4,5700.0,58.0,365.0,1.87,Normal
castlevania aria of sorrow,Castlevania: Aria of Sorrow,4.2,5100.0,114.0,871.0,0.28,Normal
castlevania bloodlines,Castlevania: Bloodlines,3.7,1800.0,25.0,230.0,0.04,Normal
castlevania circle of the moon,Castlevania: Circle of the Moon,3.0,2100.0,62.0,272.0,0.89,Normal
castlevania harmony of dissonance,Castlevania: Harmony of Dissonance,3.2,2000.0,51.0,288.0,0.26,Normal
castlevania order of ecclesia,Castlevania: Order of Ecclesia,4.0,2000.0,75.0,540.0,0.41,Normal
castlevania symphony of the night,Castlevania: Symphony of the Night,4.4,9100.0,316.0,1700.0,1.27,Normal
chrono cross,Chrono Cross,4.0,1700.0,60.0,768.0,1.86,Normal
chrono trigger,Chrono Trigger,4.466666666666667,9100.0,518.0,2200.0,3.7800000000000002,Normal
condemned criminal origins,Condemned: Criminal Origins,3.5,1300.0,32.0,270.0,0.42,Normal
crash bandicoot,Crash Bandicoot,3.5,8700.0,58.0,288.0,6.82,Normal
crash nitro kart,Crash Nitro Kart,3.1,1700.0,4.0,52.0,2.98,Normal
crash of the titans,Crash of the Titans,3.0,3800.0,18.0,122.0,2.32,Normal
crash team racing,Crash Team Racing,4.0,4800.0,18.0,165.0,4.79,Normal
crazy taxi,Crazy Taxi,3.6,4800.0,19.0,227.0,4.82,Normal
crysis,Crysis,3.2,3000.0,26.0,241.0,0.72,Normal
crysis 2,Crysis 2,3.1,2900.0,10.0,155.0,3.39,Normal
danganronpa 2 goodbye despair,Danganronpa 2: Goodbye Despair,3.9,9900.0,288.0,605.0,0.45,High Engagement - Low Sales
danganronpa another episode ultra despair girls,Danganronpa Another Episode: Ultra Despair Girls,2.7,3400.0,92.0,355.0,0.28,Normal
danganronpa trigger happy havoc,Danganronpa: Trigger Happy Havoc,3.5,12000.0,311.0,716.0,0.6499999999999999,High Engagement - Low Sales
dark souls,Dark Souls,4.3,14000.0,447.0,1400.0,3.1399999999999997,Normal
dark souls ii,Dark Souls II,3.3,6700.0,128.0,834.0,3.07,Normal
dark souls iii,Dark Souls III,4.2,19000.0,851.0,2200.0,1.96,Normal
dead space,Dead Space,4.18,9600.0,302.0,1900.0,4.03,Normal
dead space 2,Dead Space 2,4.0,6000.0,97.0,716.0,3.29,Normal
dead space 3,Dead Space 3,2.6,3200.0,48.0,388.0,2.19,Normal
deadly premonition,Deadly Premonition,3.9,1400.0,48.0,628.0,0.42000000000000004,Normal
destroy all humans,Destroy All Humans!,3.2,2200.0,16.0,188.0,1.4,Normal
deus ex,Deus Ex,4.4,3800.0,189.0,958.0,0.01,Normal
deus ex human revolution,Deus Ex: Human Revolution,3.8,5800.0,65.0,488.0,3.4899999999999998,Normal
deus ex mankind divided,Deus Ex: Mankind Divided,3.5,3400.0,72.0,458.0,0.5,Normal
devil may cry,Devil May Cry,3.5,10000.0,286.0,1100.0,2.99,Normal
devil may cry 2,Devil May Cry 2,1.6,6400.0,56.0,517.0,1.97,Normal
devil may cry 4,Devil May Cry 4,3.6,6500.0,84.0,681.0,3.0700000000000003,Normal
devil may cry hd collection,Devil May Cry HD Collection,3.9,2200.0,152.0,371.0,1.28,Normal
digimon world next order,Digimon World: Next Order,3.1,321.0,40.0,133.0,0.09,Normal
dishonored,Dishonored,3.9,14000.0,268.0,866.0,4.3,Normal
dmc devil may cry,DmC: Devil May Cry,3.0,6300.0,62.0,448.0,1.69,Normal
donkey kong country,Donkey Kong Country,3.9,11000.0,186.0,514.0,13.530000000000001,Normal
donkey kong country returns,Donkey Kong Country Returns,3.9,5300.0,67.0,443.0,8.46,Normal
donkey kong country tropical freeze,Donkey Kong Country: Tropical Freeze,4.2,2100.0,91.0,500.0,1.52,Normal
doom,Doom,3.9857142857142853,18000.0,541.0,1400.0,0.9500000000000001,Normal
dragon age origins,Dragon Age: Origins,4.0,6100.0,148.0,534.0,4.77,Normal
dragon age origins awakening,Dragon Age: Origins - Awakening,3.9,1000.0,14.0,54.0,0.87,Normal
dragon ball gt final bout,Dragon Ball GT: Final Bout,1.8,1200.0,2.0,23.0,0.27,Normal
dragon ball xenoverse,Dragon Ball: Xenoverse,2.9,3700.0,23.0,71.0,2.18,Normal
dragon ball z budokai tenkaichi,Dragon Ball Z: Budokai Tenkaichi,2.9,1700.0,2.0,29.0,1.66,Normal
dragon ball z budokai tenkaichi 3,Dragon Ball Z: Budokai Tenkaichi 3,3.9,6600.0,32.0,135.0,4.04,Normal
dragon quest v hand of the heavenly bride,Dragon Quest V: Hand of the Heavenly Bride,4.2,1400.0,85.0,478.0,1.6,Normal
drakengard 3,Drakengard 3,3.8,1900.0,128.0,946.0,0.3,Normal
earthbound,EarthBound,4.2,9000.0,600.0,1800.0,0.81,Normal
fable ii,Fable II,3.6,3200.0,22.0,271.0,4.31,Normal
fallout 3,Fallout 3,3.4,12000.0,162.0,589.0,9.959999999999999,Normal
fallout 4,Fallout 4,3.1,16000.0,407.0,752.0,12.28,Normal
fallout new vegas,Fallout: New Vegas,4.3,16000.0,756.0,1400.0,8.41,Normal
far cry 3,Far Cry 3,3.7,14000.0,188.0,660.0,7.470000000000001,Normal
far cry 4,Far Cry 4,3.2,8500.0,90.0,442.0,8.68,Normal
fatal frame ii crimson butterfly,Fatal Frame II: Crimson Butterfly,4.2,1000.0,38.0,513.0,0.16,Normal
fifa 14,FIFA 14,3.2,2200.0,8.0,13.0,17.14,Normal
final fantasy i ii dawn of souls,Final Fantasy I & II: Dawn of Souls,3.4,1100.0,26.0,63.0,1.19,Normal
final fantasy iii,Final Fantasy III,3.1,2600.0,59.0,290.0,7.05,Normal
final fantasy iv,Final Fantasy IV,3.7,2700.0,60.0,379.0,1.57,Normal
final fantasy ix,Final Fantasy IX,4.3,6800.0,350.0,1200.0,5.3,Normal
final fantasy tactics,Final Fantasy Tactics,4.2,2100.0,73.0,681.0,2.45,Normal
final fantasy v,Final Fantasy V,3.8,2300.0,78.0,460.0,2.62,Normal
final fantasy vi,Final Fantasy VI,4.4,6100.0,312.0,1300.0,0.08,Normal
final fantasy vii,Final Fantasy VII,4.2,15000.0,1100.0,1500.0,9.72,Normal
final fantasy viii,Final Fantasy VIII,3.6,5100.0,182.0,715.0,7.86,Normal
final fantasy x,Final Fantasy X,4.1,8500.0,330.0,990.0,8.05,Normal
fire emblem awakening,Fire Emblem: Awakening,3.8,9500.0,287.0,814.0,2.0,Normal
fire emblem path of radiance,Fire Emblem: Path of Radiance,4.2,2900.0,155.0,716.0,0.54,Normal
fire emblem radiant dawn,Fire Emblem: Radiant Dawn,4.0,1800.0,69.0,497.0,0.51,Normal
fire emblem shadow dragon,Fire Emblem: Shadow Dragon,3.2,1900.0,78.0,235.0,0.65,Normal
fire emblem the sacred stones,Fire Emblem: The Sacred Stones,3.7,3700.0,124.0,395.0,0.89,Normal
fire emblem thracia 776,Fire Emblem: Thracia 776,4.1,820.0,65.0,329.0,0.26,Normal
flower sun and rain,"Flower, Sun, and Rain",4.3,632.0,32.0,1100.0,0.07,Normal
gears of war,Gears of War,3.5,5300.0,37.0,307.0,6.13,Normal
gears of war 2,Gears of War 2,3.7,4600.0,31.0,225.0,6.76,Normal
ghost trick phantom detective,Ghost Trick: Phantom Detective,4.4,3600.0,149.0,1200.0,0.42,Normal
goat simulator,Goat Simulator,2.4,8400.0,22.0,125.0,0.01,Normal
god of war,God of War,4.05,21000.0,1100.0,2600.0,4.45,Normal
god of war ascension,God of War: Ascension,2.9,2700.0,27.0,351.0,2.29,Normal
god of war chains of olympus,God of War: Chains of Olympus,3.2,4000.0,31.0,300.0,3.19,Normal
god of war ii,God of War II,4.0,9300.0,89.0,687.0,4.07,Normal
goldeneye 007,GoldenEye 007,3.6,4500.0,60.0,334.0,8.09,Normal
grand theft auto,Grand Theft Auto,2.5,1600.0,4.0,109.0,2.5599999999999996,Normal
grand theft auto iii,Grand Theft Auto III,3.3,7800.0,88.0,373.0,13.11,Normal
grand theft auto iv,Grand Theft Auto IV,3.8,14000.0,258.0,721.0,22.47,Normal
grand theft auto san andreas,Grand Theft Auto: San Andreas,4.1,19000.0,270.0,742.0,23.86,Normal
grand theft auto v,Grand Theft Auto V,3.7999999999999994,30000.0,829.0,664.0,55.92,Normal
grand theft auto vice city,Grand Theft Auto: Vice City,3.8,12000.0,125.0,526.0,16.189999999999998,Normal
guitar hero 5,Guitar Hero 5,3.2,1100.0,0.0,22.0,4.94,Normal
guitar hero iii legends of rock,Guitar Hero III: Legends of Rock,3.9,6900.0,21.0,78.0,16.400000000000002,Normal
gun,Gun,3.3,1400.0,5.0,152.0,2.14,Normal
halo 3,Halo 3,4.2,12000.0,101.0,528.0,12.14,Normal
halo 4,Halo 4,3.0,7600.0,57.0,277.0,9.76,Normal
halo 5 guardians,Halo 5: Guardians,2.5,3500.0,31.0,257.0,4.26,Normal
halo reach,Halo: Reach,4.0,11000.0,98.0,370.0,9.88,Normal
halo the master chief collection,Halo: The Master Chief Collection,4.2,5100.0,362.0,463.0,3.15,Normal
haunting ground,Haunting Ground,3.8,597.0,29.0,572.0,0.07,Normal
hitman blood money,Hitman: Blood Money,4.0,3200.0,37.0,238.0,1.08,Normal
hotel dusk room 215,Hotel Dusk: Room 215,4.0,1600.0,87.0,838.0,0.56,Normal
ico,Ico,4.0,3500.0,83.0,1200.0,0.53,Normal
ikaruga,Ikaruga,4.0,1300.0,37.0,424.0,0.09,Normal
infamous 2,Infamous 2,3.7,4400.0,21.0,343.0,1.85,Normal
infamous second son,Infamous: Second Son,3.4,7600.0,71.0,574.0,2.78,Normal
injustice gods among us,Injustice: Gods Among Us,3.0,7100.0,17.0,112.0,3.87,Normal
journey,Journey,3.9,12000.0,94.0,1700.0,0.25,High Engagement - Low Sales
just cause 2,Just Cause 2,3.2,5100.0,36.0,142.0,3.5300000000000002,Normal
just cause 3,Just Cause 3,3.1,4900.0,93.0,155.0,2.85,Normal
katamari damacy,Katamari Damacy,4.2,4100.0,60.0,761.0,0.73,Normal
kid icarus uprising,Kid Icarus: Uprising,4.1,5400.0,140.0,924.0,1.28,Normal
killer7,Killer7,4.3,2800.0,237.0,1300.0,0.24,Normal
killzone 3,Killzone 3,3.1,1300.0,6.0,91.0,2.79,Normal
kingdom hearts,Kingdom Hearts,3.6,12000.0,266.0,1000.0,8.15,Normal
kingdom hearts ii,Kingdom Hearts II,4.3,9600.0,137.0,652.0,5.65,Normal
kingdoms of amalur reckoning,Kingdoms of Amalur: Reckoning,3.2,1200.0,22.0,106.0,2.07,Normal
kirby planet robobot,Kirby: Planet Robobot,4.2,3600.0,82.0,644.0,0.85,Normal
kirby super star ultra,Kirby Super Star Ultra,4.3,5800.0,47.0,427.0,2.96,Normal
klonoa door to phantomile,Klonoa: Door to Phantomile,4.1,2200.0,63.0,590.0,0.18,Normal
left 4 dead,Left 4 Dead,3.6,8600.0,35.0,213.0,3.54,Normal
left 4 dead 2,Left 4 Dead 2,3.9,19000.0,279.0,358.0,4.36,Normal
legacy of kain soul reaver,Legacy of Kain: Soul Reaver,3.7,1300.0,22.0,328.0,1.04,Normal
lego batman 2 dc super heroes,LEGO Batman 2: DC Super Heroes,3.5,4600.0,41.0,132.0,6.37,Normal
lego batman 3 beyond gotham,LEGO Batman 3: Beyond Gotham,3.1,2900.0,37.0,113.0,4.58,Normal
lego marvel super heroes,LEGO Marvel Super Heroes,3.6,6000.0,65.0,126.0,9.86,Normal
life is strange,Life is Strange,3.4,15000.0,209.0,817.0,0.52,High Engagement - Low Sales
lightning returns final fantasy xiii,Lightning Returns: Final Fantasy XIII,3.1,1500.0,44.0,426.0,1.3900000000000001,Normal
littlebigplanet,LittleBigPlanet,3.6,6000.0,21.0,219.0,8.5,Normal
live a live,Live A Live,4.125,1100.0,235.0,1900.0,0.32,Normal
lollipop chainsaw,Lollipop Chainsaw,3.4,1600.0,32.0,695.0,1.1600000000000001,Normal
machinarium,Machinarium,3.7,1600.0,18.0,242.0,0.11,Normal
madworld,MadWorld,3.5,1100.0,19.0,441.0,0.8,Normal
mario kart 64,Mario Kart 64,3.5,9700.0,21.0,194.0,9.87,Normal
mario kart 7,Mario Kart 7,3.5,10000.0,59.0,141.0,12.21,Normal
mario kart 8,Mario Kart 8,3.9,9300.0,40.0,121.0,6.96,Normal
mario kart double dash,Mario Kart: Double Dash!!,3.9,8400.0,31.0,265.0,6.95,Normal
mario kart ds,Mario Kart DS,3.8,15000.0,36.0,159.0,23.42,Normal
mario kart super circuit,Mario Kart: Super Circuit,2.8,3700.0,24.0,101.0,5.47,Normal
mario kart wii,Mario Kart Wii,3.9,19000.0,88.0,168.0,35.82,Normal
mario party 2,Mario Party 2,3.7,3900.0,11.0,132.0,2.5,Normal
mario party 3,Mario Party 3,3.7,2800.0,6.0,123.0,1.91,Normal
mario party 4,Mario Party 4,3.5,3000.0,7.0,113.0,2.47,Normal
mario power tennis,Mario Power Tennis,3.5,1900.0,6.0,91.0,1.22,Normal
mario super sluggers,Mario Super Sluggers,3.7,1800.0,4.0,81.0,1.93,Normal
mario vs donkey kong,Mario vs. Donkey Kong,3.3,1500.0,16.0,92.0,1.17,Normal
marvel vs capcom clash of super heroes,Marvel vs. Capcom: Clash of Super Heroes,3.7,2000.0,8.0,100.0,0.88,Normal
mass effect,Mass Effect,3.8,10000.0,172.0,774.0,3.6100000000000003,Normal
mass effect 2,Mass Effect 2,4.3,9600.0,107.0,645.0,4.99,Normal
mass effect 3,Mass Effect 3,3.7,7300.0,79.0,482.0,5.779999999999999,Normal
max payne,Max Payne,3.9,6300.0,102.0,742.0,4.58,Normal
max payne 2 the fall of max payne,Max Payne 2: The Fall of Max Payne,4.1,4100.0,37.0,464.0,2.0100000000000002,Normal
max payne 3,Max Payne 3,3.7,5600.0,43.0,518.0,3.9899999999999998,Normal
mega man,Mega Man,2.8,5400.0,26.0,152.0,0.81,Normal
mega man 2,Mega Man 2,3.6,6100.0,34.0,163.0,1.51,Normal
mega man 3,Mega Man 3,3.4,3800.0,25.0,140.0,1.17,Normal
mega man 7,Mega Man 7,3.5,2400.0,19.0,139.0,0.28,Normal
mega man legends,Mega Man Legends,3.7,1400.0,51.0,364.0,0.83,Normal
mega man x,Mega Man X,4.1,6900.0,76.0,385.0,1.16,Normal
mega man x5,Mega Man X5,3.2,2200.0,11.0,126.0,0.75,Normal
mega man x6,Mega Man X6,2.3,1900.0,18.0,119.0,0.42,Normal
mega man x7,Mega Man X7,1.4,1300.0,6.0,113.0,0.58,Normal
mega man x8,Mega Man X8,3.3,1400.0,17.0,140.0,0.29,Normal
mega man zero 2,Mega Man Zero 2,3.7,1900.0,21.0,180.0,0.43,Normal
mega man zx,Mega Man ZX,3.7,1300.0,29.0,159.0,0.3,Normal
mega man zx advent,Mega Man ZX Advent,3.6,976.0,19.0,110.0,0.35,Normal
metal gear rising revengeance,Metal Gear Rising: Revengeance,4.1,14000.0,492.0,2000.0,1.97,Normal
metal gear solid,Metal Gear Solid,4.2,12000.0,287.0,1600.0,6.1000000000000005,Normal
metal gear solid 2 sons of liberty,Metal Gear Solid 2: Sons of Liberty,4.4,10000.0,161.0,1400.0,6.05,Normal
metal gear solid 3 snake eater,Metal Gear Solid 3: Snake Eater,4.5,9200.0,118.0,1300.0,4.23,Normal
metal gear solid 3 subsistence,Metal Gear Solid 3: Subsistence,4.6,3700.0,50.0,639.0,0.55,Normal
metal gear solid 4 guns of the patriots,Metal Gear Solid 4: Guns of the Patriots,3.9,7700.0,94.0,1300.0,6.03,Normal
metal gear solid peace walker,Metal Gear Solid: Peace Walker,3.5,4000.0,68.0,566.0,2.09,Normal
metal gear solid the twin snakes,Metal Gear Solid: The Twin Snakes,3.6,1900.0,31.0,364.0,0.47,Normal
metal gear solid v ground zeroes,Metal Gear Solid V: Ground Zeroes,3.3,9500.0,53.0,549.0,2.33,Normal
metal gear solid v the phantom pain,Metal Gear Solid V: The Phantom Pain,3.8,14000.0,503.0,1200.0,5.08,Normal
metro 2033,Metro 2033,3.5,3700.0,49.0,224.0,0.79,Normal
metroid fusion,Metroid Fusion,4.0,7900.0,146.0,799.0,1.68,Normal
metroid ii return of samus,Metroid II: Return of Samus,3.1,2100.0,39.0,193.0,1.76,Normal
metroid prime,Metroid Prime,4.3,6800.0,221.0,1200.0,2.82,Normal
metroid prime 2 echoes,Metroid Prime 2: Echoes,4.0,3000.0,75.0,588.0,1.33,Normal
metroid zero mission,Metroid: Zero Mission,4.0,7500.0,148.0,700.0,0.84,Normal
mighty no 9,Mighty No. 9,1.6,907.0,5.0,71.0,0.08,Normal
minecraft,Minecraft,4.275,33000.0,1800.0,230.0,23.73,Normal
monster hunter 4 ultimate,Monster Hunter 4 Ultimate,4.2,2000.0,66.0,159.0,3.89,Normal
mortal kombat,Mortal Kombat,3.6,6600.0,19.0,120.0,8.4,Normal
mortal kombat 3,Mortal Kombat 3,3.1,1700.0,4.0,41.0,3.42,Normal
mortal kombat x,Mortal Kombat X,3.3,7100.0,43.0,138.0,4.1000000000000005,Normal
mother 3,Mother 3,4.5,5700.0,287.0,1900.0,0.4,Normal
mount blade warband,Mount & Blade: Warband,3.9,2400.0,39.0,110.0,0.02,Normal
naruto shippuden ultimate ninja storm 4,Naruto Shippuden: Ultimate Ninja Storm 4,3.5,4800.0,45.0,134.0,1.34,Normal
naruto ultimate ninja 3,Naruto: Ultimate Ninja 3,3.5,1900.0,2.0,32.0,0.44,Normal
nba jam,NBA Jam,3.6,847.0,0.0,23.0,5.22,Normal
need for speed hot pursuit,Need for Speed: Hot Pursuit,3.3,2000.0,23.0,54.0,5.890000000000001,Low Engagement - High Sales
new super mario bros,New Super Mario Bros.,3.5,16000.0,108.0,287.0,30.01,Normal
new super mario bros 2,New Super Mario Bros. 2,2.9,6100.0,47.0,234.0,9.82,Normal
new super mario bros wii,New Super Mario Bros. Wii,3.5,13000.0,85.0,241.0,28.62,Normal
ni no kuni wrath of the white witch,Ni no Kuni: Wrath of the White Witch,3.7,2400.0,161.0,682.0,1.55,Normal
nicktoons unite,Nicktoons Unite!,2.5,785.0,2.0,28.0,0.87,Normal
nier,NieR,4.2,2900.0,67.0,854.0,0.9299999999999999,Normal
ninja gaiden black,Ninja Gaiden Black,4.3,992.0,41.0,343.0,0.09,Normal
no more heroes,No More Heroes,4.0,5600.0,280.0,1800.0,0.57,Normal
no more heroes 2 desperate struggle,No More Heroes 2: Desperate Struggle,3.5,3200.0,68.0,855.0,0.41,Normal
odin sphere leifthrasir,Odin Sphere: Leifthrasir,4.1,895.0,71.0,349.0,0.39,Normal
overwatch,Overwatch,3.2,19000.0,436.0,214.0,3.01,Normal
parasite eve ii,Parasite Eve II,3.4,763.0,16.0,344.0,0.58,Normal
persona 2 eternal punishment,Persona 2: Eternal Punishment,4.1,1600.0,107.0,993.0,0.39999999999999997,Normal
persona 4 arena,Persona 4 Arena,3.4,1900.0,22.0,171.0,0.87,Normal
persona 4 arena ultimax,Persona 4 Arena Ultimax,3.7,2900.0,135.0,604.0,0.22000000000000003,Normal
persona 4 golden,Persona 4 Golden,4.25,13000.0,1500.0,2200.0,1.38,Normal
persona 5,Persona 5,4.1,16000.0,630.0,1700.0,0.44000000000000006,High Engagement - Low Sales
phoenix wright ace attorney,Phoenix Wright: Ace Attorney,4.1,12000.0,418.0,1000.0,0.99,Normal
phoenix wright ace attorney dual destinies,Phoenix Wright: Ace Attorney - Dual Destinies,3.4,3300.0,105.0,497.0,0.38,Normal
phoenix wright ace attorney trials and tribulations,Phoenix Wright: Ace Attorney - Trials and Tribulations,4.4,6600.0,172.0,623.0,0.67,Normal
phoenix wright ace attorney trilogy,Phoenix Wright: Ace Attorney Trilogy,4.3,4000.0,644.0,779.0,0.02,Normal
pikmin 2,Pikmin 2,4.1,2700.0,53.0,500.0,1.2,Normal
pikmin 3,Pikmin 3,4.0,2700.0,39.0,385.0,1.11,Normal
planescape torment,Planescape: Torment,4.3,1100.0,74.0,518.0,0.04,Normal
plants vs zombies,Plants vs. Zombies,3.7,14000.0,117.0,82.0,1.68,Normal
portal 2,Portal 2,4.4,29000.0,471.0,1200.0,4.6,Normal
prince of persia,Prince of Persia,3.0,2500.0,23.0,206.0,2.09,Normal
prince of persia the sands of time,Prince of Persia: The Sands of Time,3.6,5500.0,37.0,421.0,3.6300000000000003,Normal
prince of persia warrior within,Prince of Persia: Warrior Within,3.5,2800.0,20.0,220.0,2.64,Normal
professor layton and the curious village,Professor Layton and the Curious Village,3.7,4200.0,128.0,407.0,5.26,Normal
professor layton and the unwound future,Professor Layton and the Unwound Future,4.3,2400.0,33.0,388.0,3.36,Normal
professor layton vs phoenix wright ace attorney,Professor Layton vs. Phoenix Wright: Ace Attorney,3.6,1800.0,68.0,484.0,0.81,Normal
prototype,Prototype,3.0,4500.0,30.0,314.0,2.55,Normal
prototype 2,Prototype 2,3.0,2400.0,10.0,198.0,1.6500000000000001,Normal
psychonauts,Psychonauts,4.0,7100.0,388.0,1200.0,0.21,Normal
puyo puyo tetris,Puyo Puyo Tetris,3.8,3100.0,51.0,198.0,0.22,Normal
quake ii,Quake II,3.4,1500.0,18.0,162.0,0.71,Normal
ratchet clank size matters,Ratchet & Clank: Size Matters,2.8,1500.0,10.0,115.0,4.06,Normal
rayman legends,Rayman Legends,4.0,9800.0,177.0,643.0,3.3600000000000003,Normal
rayman origins,Rayman Origins,3.8,6200.0,85.0,417.0,3.22,Normal
rayman raving rabbids,Rayman Raving Rabbids,2.7,2700.0,9.0,63.0,1.8099999999999998,Normal
red dead redemption,Red Dead Redemption,4.2,13000.0,218.0,1600.0,12.94,Normal
remember me,Remember Me,2.9,1600.0,22.0,239.0,0.59,Normal
resident evil,Resident Evil,4.0,4000.0,93.0,470.0,5.34,Normal
resident evil 2,Resident Evil 2,4.26,15000.0,585.0,1900.0,6.44,Normal
resident evil 3 nemesis,Resident Evil 3: Nemesis,3.8,4300.0,56.0,496.0,3.8000000000000003,Normal
resident evil 4,Resident Evil 4,4.3,14000.0,360.0,1200.0,7.6,Normal
resident evil 5,Resident Evil 5,3.1,10000.0,176.0,561.0,8.69,Normal
resident evil 6,Resident Evil 6,2.5,7800.0,189.0,552.0,5.28,Normal
resident evil revelations,Resident Evil: Revelations,3.2,2900.0,55.0,297.0,2.19,Normal
resistance fall of man,Resistance: Fall of Man,3.0,1300.0,16.0,119.0,4.35,Normal
rock band 2,Rock Band 2,4.0,2000.0,10.0,29.0,5.32,Low Engagement - High Sales
rocket league,Rocket League,3.4,17000.0,564.0,113.0,0.37,High Engagement - Low Sales
rule of rose,Rule of Rose,3.8,727.0,33.0,770.0,0.02,Normal
saints row 2,Saints Row 2,3.7,3600.0,56.0,191.0,4.76,Normal
saints row gat out of hell,Saints Row: Gat Out of Hell,2.4,2000.0,13.0,75.0,0.05,Normal
saints row iv,Saints Row IV,3.1,7200.0,64.0,176.0,3.76,Normal
saints row the third,Saints Row: The Third,3.4,9400.0,74.0,210.0,5.640000000000001,Normal
scribblenauts,Scribblenauts,3.2,3200.0,3.0,80.0,2.22,Normal
secret of mana,Secret of Mana,3.3,1900.0,57.0,511.0,1.83,Normal
shadow of the colossus,Shadow of the Colossus,4.279999999999999,10000.0,242.0,1700.0,1.18,Normal
shadow the hedgehog,Shadow the Hedgehog,2.4,5600.0,45.0,423.0,1.77,Normal
shenmue,Shenmue,3.8,1600.0,61.0,494.0,1.18,Normal
shin megami tensei,Shin Megami Tensei,3.3,1300.0,146.0,455.0,0.09,Normal
shin megami tensei devil summoner soul hackers,Shin Megami Tensei: Devil Summoner - Soul Hackers,3.8,1200.0,153.0,651.0,0.76,Normal
shin megami tensei devil survivor,Shin Megami Tensei: Devil Survivor,3.9,1000.0,47.0,343.0,0.27,Normal
shin megami tensei digital devil saga,Shin Megami Tensei: Digital Devil Saga,4.1,2000.0,200.0,916.0,0.13,Normal
shin megami tensei iv,Shin Megami Tensei IV,4.1,4300.0,397.0,1100.0,0.57,Normal
shin megami tensei nocturne,Shin Megami Tensei: Nocturne,4.2,4100.0,358.0,1300.0,0.38,Normal
shin megami tensei persona,Shin Megami Tensei: Persona,2.9,2500.0,161.0,797.0,0.22,Normal
shovel knight,Shovel Knight,4.0,8500.0,135.0,1200.0,0.32,Normal
silent hill,Silent Hill,4.1,6800.0,272.0,1600.0,1.6,Normal
silent hill 2,Silent Hill 2,4.5,8600.0,282.0,2100.0,1.28,Normal
silent hill 2 restless dreams,Silent Hill 2: Restless Dreams,4.5,514.0,14.0,81.0,0.28,Normal
silent hill 3,Silent Hill 3,4.2,4900.0,156.0,1400.0,0.71,Normal
silent hill homecoming,Silent Hill: Homecoming,2.1,1300.0,18.0,227.0,0.8500000000000001,Normal
sin and punishment,Sin and Punishment,4.0,1100.0,34.0,550.0,0.13,Normal
skate 3,Skate 3,4.0,4100.0,44.0,188.0,4.76,Normal
sly cooper and the thievius raccoonus,Sly Cooper and the Thievius Raccoonus,3.7,3700.0,44.0,391.0,1.21,Normal
sonic advance,Sonic Advance,3.2,4000.0,26.0,212.0,2.24,Normal
sonic adventure 2,Sonic Adventure 2,3.6,5100.0,89.0,342.0,0.12,Normal
sonic adventure 2 battle,Sonic Adventure 2: Battle,3.7,6800.0,78.0,248.0,2.56,Normal
sonic and the secret rings,Sonic and the Secret Rings,1.9,3100.0,18.0,160.0,2.77,Normal
sonic cd,Sonic CD,3.4,4900.0,43.0,223.0,1.5,Normal
sonic colors,Sonic Colors,3.4,5100.0,44.0,342.0,3.1100000000000003,Normal
sonic generations,Sonic Generations,3.8,9900.0,133.0,480.0,4.17,Normal
sonic lost world,Sonic Lost World,2.5,2500.0,34.0,214.0,0.89,Normal
sonic rush,Sonic Rush,3.6,4600.0,61.0,292.0,3.15,Normal
sonic rush adventure,Sonic Rush Adventure,3.5,1900.0,22.0,208.0,1.17,Normal
sonic the hedgehog,Sonic the Hedgehog,3.1,12000.0,60.0,243.0,7.05,Normal
sonic the hedgehog 2,Sonic the Hedgehog 2,3.25,10000.0,56.0,228.0,6.03,Normal
sonic unleashed,Sonic Unleashed,3.3,6500.0,118.0,476.0,4.95,Normal
splatoon,Splatoon,3.7,6100.0,28.0,227.0,4.57,Normal
spongebob squarepants battle for bikini bottom,SpongeBob SquarePants: Battle For Bikini Bottom,3.8,3400.0,22.0,216.0,4.42,Normal
spore,Spore,3.3,6000.0,34.0,170.0,1.17,Normal
star wars battlefront,Star Wars: Battlefront,3.5,4100.0,9.0,109.0,5.56,Normal
star wars battlefront ii,Star Wars Battlefront II,3.55,7800.0,128.0,189.0,6.67,Normal
star wars episode iii revenge of the sith,Star Wars: Episode III - Revenge of the Sith,3.1,2100.0,11.0,94.0,5.59,Normal
star wars knights of the old republic,Star Wars: Knights of the Old Republic,4.2,5300.0,180.0,705.0,2.33,Normal
star wars the force unleashed,Star Wars: The Force Unleashed,3.2,7400.0,50.0,350.0,10.23,Normal
star wars the force unleashed ii,Star Wars: The Force Unleashed II,2.8,4100.0,18.0,268.0,4.08,Normal
street fighter ii turbo,Street Fighter II Turbo,3.7,1600.0,5.0,50.0,4.1,Normal
street fighter v,Street Fighter V,3.0,5000.0,109.0,166.0,0.87,Normal
suikoden,Suikoden,3.6,933.0,32.0,360.0,0.6,Normal
suikoden ii,Suikoden II,4.4,1100.0,42.0,653.0,0.68,Normal
sunset overdrive,Sunset Overdrive,3.5,3600.0,92.0,459.0,1.11,Normal
super castlevania iv,Super Castlevania IV,3.7,3700.0,45.0,271.0,0.63,Normal
super mario 3d land,Super Mario 3D Land,3.5,12000.0,146.0,461.0,10.79,Normal
super mario 3d world,Super Mario 3D World,3.9,9600.0,93.0,432.0,4.25,Normal
super mario 64,Super Mario 64,4.1,21000.0,463.0,775.0,22.310000000000002,Normal
super mario bros,Super Mario Bros.,3.5,18000.0,59.0,237.0,45.31,Normal
super mario bros 2,Super Mario Bros. 2,3.1,8400.0,40.0,189.0,7.46,Normal
super mario bros 3,Super Mario Bros. 3,4.0,14000.0,109.0,362.0,22.48,Normal
super mario galaxy,Super Mario Galaxy,4.3,21000.0,468.0,1200.0,11.52,Normal
super mario galaxy 2,Super Mario Galaxy 2,4.3,13000.0,123.0,1300.0,7.69,Normal
super mario rpg legend of the seven stars,Super Mario RPG: Legend of the Seven Stars,4.0,4400.0,133.0,858.0,2.14,Normal
super mario sunshine,Super Mario Sunshine,3.7,14000.0,403.0,1000.0,6.31,Normal
super mario world,Super Mario World,4.2,18000.0,218.0,460.0,26.07,Normal
super metroid,Super Metroid,4.3,11000.0,309.0,907.0,1.42,Normal
super paper mario,Super Paper Mario,3.8,6200.0,76.0,572.0,3.76,Normal
super smash bros,Super Smash Bros.,3.4,9800.0,20.0,207.0,5.55,Normal
super smash bros brawl,Super Smash Bros. Brawl,3.8,19000.0,51.0,250.0,13.04,Normal
superman the new superman adventures,Superman: The New Superman Adventures,0.7,859.0,2.0,55.0,0.41,Normal
tales of berseria,Tales of Berseria,3.7,3300.0,293.0,657.0,0.33,Normal
tales of symphonia,Tales of Symphonia,3.9,2800.0,132.0,572.0,1.6400000000000001,Normal
tales of vesperia,Tales of Vesperia,3.9,1100.0,57.0,199.0,1.2,Normal
tales of zestiria,Tales of Zestiria,2.7,1700.0,76.0,264.0,0.97,Normal
tekken 3,Tekken 3,3.9,4200.0,13.0,183.0,7.16,Normal
tekken 4,Tekken 4,3.4,1900.0,9.0,109.0,3.44,Normal
tekken 6,Tekken 6,3.4,2300.0,15.0,96.0,4.41,Normal
tekken tag tournament 2,Tekken Tag Tournament 2,3.8,1700.0,7.0,95.0,1.42,Normal
terraria,Terraria,4.0,18000.0,673.0,593.0,1.68,Normal
tetris,Tetris,4.066666666666666,9600.0,54.0,66.0,35.84,Normal
the elder scrolls iii morrowind,The Elder Scrolls III: Morrowind,4.0,3700.0,150.0,487.0,2.86,Normal
the elder scrolls iv oblivion,The Elder Scrolls IV: Oblivion,3.7,8100.0,183.0,563.0,7.77,Normal
the elder scrolls v skyrim,The Elder Scrolls V: Skyrim,3.7000000000000006,22000.0,589.0,1000.0,19.28,Normal
the evil within,The Evil Within,3.4,4800.0,140.0,822.0,4.15,Normal
the godfather,The Godfather,3.6,1100.0,2.0,136.0,1.09,Normal
the last of us,The Last of Us,4.2,17000.0,205.0,1400.0,10.54,Normal
the legend of heroes trails of cold steel,The Legend of Heroes: Trails of Cold Steel,3.7,2100.0,129.0,461.0,0.53,Normal
the legend of heroes trails of cold steel ii,The Legend of Heroes: Trails of Cold Steel II,3.7,1700.0,45.0,319.0,0.27,Normal
the legend of zelda,The Legend of Zelda,3.2,9300.0,132.0,463.0,6.51,Normal
the legend of zelda a link between worlds,The Legend of Zelda: A Link Between Worlds,4.1,10000.0,168.0,1100.0,3.07,Normal
the legend of zelda a link to the past,The Legend of Zelda: A Link to the Past,4.1,13000.0,360.0,911.0,7.3100000000000005,Normal
the legend of zelda ocarina of time,The Legend of Zelda: Ocarina of Time,4.3,17000.0,433.0,1400.0,11.809999999999999,Normal
the legend of zelda oracle of ages,The Legend of Zelda: Oracle of Ages,3.7,2800.0,60.0,492.0,1.92,Normal
the legend of zelda oracle of seasons,The Legend of Zelda: Oracle of Seasons,3.7,3100.0,65.0,489.0,1.86,Normal
the legend of zelda the minish cap,The Legend of Zelda: The Minish Cap,3.9,8700.0,280.0,911.0,1.42,Normal
the legend of zelda twilight princess,The Legend of Zelda: Twilight Princess,4.066666666666666,10000.0,228.0,1300.0,8.9,Normal
the legend of zelda twilight princess hd,The Legend of Zelda: Twilight Princess HD,4.2,2500.0,91.0,503.0,0.94,Normal
the lego movie videogame,The LEGO Movie Videogame,2.8,1700.0,11.0,73.0,5.33,Low Engagement - High Sales
the lord of the rings the two towers,The Lord of the Rings: The Two Towers,3.3,1600.0,8.0,72.0,6.65,Low Engagement - High Sales
the simpsons game,The Simpsons Game,3.0,3800.0,20.0,156.0,7.12,Normal
the simpsons road rage,The Simpsons: Road Rage,2.9,1700.0,6.0,61.0,6.09,Low Engagement - High Sales
the sims 4,The Sims 4,3.0,8300.0,434.0,110.0,2.97,Normal
the walking dead season one,The Walking Dead: Season One,4.0,12000.0,111.0,467.0,2.36,Normal
the walking dead season two,The Walking Dead: Season Two,3.5,6700.0,35.0,262.0,0.87,Normal
the warriors,The Warriors,3.9,927.0,10.0,191.0,1.09,Normal
the witcher,The Witcher,3.0,1600.0,57.0,168.0,0.06,Normal
the witcher 2 assassins of kings,The Witcher 2: Assassins of Kings,3.6,1600.0,21.0,169.0,1.9,Normal
the witcher 3 wild hunt,The Witcher 3: Wild Hunt,4.3,17000.0,1200.0,1600.0,5.64,Normal
the wolf among us,The Wolf Among Us,3.9,8100.0,81.0,678.0,0.49,Normal
the world ends with you,The World Ends with You,4.2,5200.0,256.0,1500.0,0.86,Normal
tomb raider,Tomb Raider,3.45,15000.0,175.0,508.0,5.66,Normal
tomodachi life,Tomodachi Life,3.7,3400.0,59.0,133.0,5.15,Normal
toy story 2 buzz lightyear to the rescue,Toy Story 2: Buzz Lightyear to the Rescue!,3.4,2300.0,26.0,117.0,2.64,Normal
twisted metal,Twisted Metal,3.1,986.0,1.0,81.0,1.56,Normal
uncharted 2 among thieves,Uncharted 2: Among Thieves,3.9,12000.0,96.0,515.0,6.73,Normal
uncharted the nathan drake collection,Uncharted: The Nathan Drake Collection,4.1,4300.0,137.0,319.0,4.47,Normal
until dawn,Until Dawn,3.4,8000.0,85.0,585.0,1.64,Normal
vagrant story,Vagrant Story,4.0,1000.0,59.0,889.0,0.87,Normal
warcraft iii the frozen throne,Warcraft III: The Frozen Throne,4.3,2600.0,14.0,73.0,1.54,Normal
wario land 3,Wario Land 3,3.8,1200.0,67.0,174.0,2.2,Normal
warioware smooth moves,WarioWare: Smooth Moves,3.9,3100.0,7.0,189.0,2.92,Normal
we love katamari,We Love Katamari,4.3,1400.0,38.0,410.0,0.52,Normal
wii sports,Wii Sports,3.7000000000000006,18000.0,39.0,93.0,82.74,Normal
wolfenstein the new order,Wolfenstein: The New Order,3.6,8400.0,149.0,722.0,3.63,Normal
world of warcraft,World of Warcraft,3.5,4500.0,115.0,74.0,6.28,Normal
worms armageddon,Worms Armageddon,3.8,2100.0,15.0,57.0,1.1,Normal
wwe smackdown vs raw 2008,WWE SmackDown vs. Raw 2008,3.1,1400.0,1.0,16.0,7.41,Low Engagement - High Sales
xenoblade chronicles,Xenoblade Chronicles,4.2,3900.0,142.0,732.0,1.54,Normal
xenosaga episode i der wille zur macht,Xenosaga Episode I: Der Wille zur Macht,3.7,1200.0,103.0,575.0,1.74,Normal
xenosaga episode iii also sprach zarathustra,Xenosaga Episode III: Also sprach Zarathustra,4.3,762.0,23.0,448.0,0.37,Normal
yakuza 2,Yakuza 2,4.0,1000.0,28.0,255.0,1.09,Normal
yakuza 4,Yakuza 4,3.8,1400.0,38.0,255.0,0.97,Normal
yakuza kiwami,Yakuza Kiwami,3.7000000000000006,9700.0,439.0,1000.0,0.28,High Engagement - Low Sales
ys the oath in felghana,Ys: The Oath in Felghana,4.0,1000.0,32.0,210.0,0.14,Normal
ys viii lacrimosa of dana,Ys VIII: Lacrimosa of Dana,4.2,1900.0,131.0,575.0,0.09,Normal
zelda ii the adventure of link,Zelda II: The Adventure of Link,2.6,4500.0,55.0,290.0,4.38,Normal
zero escape zero time dilemma,Zero Escape: Zero Time Dilemma,3.0,2900.0,64.0,402.0,0.12,Normal
